,id,email,first_name,last_name,avatar
0,42777300,meyererica@example.org,Charles,Terry,https://placekitten.com/600/586
1,36618297,hinespeter@example.com,Michael,Morrison,https://picsum.photos/656/303
2,95,williamscharles@example.org,Dalton,Carlson,https://picsum.photos/302/509
3,4928038,cclark@example.com,Christopher,Willis,https://placekitten.com/694/637
4,373,brooke33@example.com,Jason,Espinoza,https://picsum.photos/244/32
5,95134032,lclay@example.net,Jonathan,Hoffman,https://placekitten.com/742/830
6,666736,bernardelizabeth@example.net,Paul,Lopez,https://dummyimage.com/310x809
7,8751,joel35@example.com,Tammy,Soto,https://dummyimage.com/146x900
8,6798288,russellgary@example.net,Dustin,Little,https://placekitten.com/96/836
9,37694586,ijackson@example.net,Dana,Kelly,https://placekitten.com/203/922
